id,marca_temporal,rango_edad,preferencia_inicio,distinguir_simbolos,frecuencia_olvido,app_actual,queja_app,privacidad,usa_app_recordatorio,preferencia_recordatorio,mayor_problema
8,2026-09-26T18:15:19,46_60,los_tres,si,alguna_vez,ninguna,,si,no,ambas,nada
9,2026-09-26T18:18:34,46_60,los_tres,si,alguna_vez,calendario_google,la_memoria,si,si,una_alarma_con_sonido,que_tengo_muchas
10,2026-09-26T18:19:52,18_30,los_tres,si,nunca,,,si,no,ambas,
11,2026-09-26T18:20:27,46_60,medicacion_prescrita,si,a_menudo,,,si,no,una_alarma_con_sonido,olvido_que_es_la_ultima_caja_recetada_y_tengo_que_ir_urgente_al_medico
12,2026-09-26T18:21:04,18_30,recordatorios,si,alguna_vez,calender,nada,si,si,una_notificacion_discreta,estar_todo_el_dia_ocupada_y_no_acordarme
13,2026-09-26T18:22:03,46_60,los_tres,no,alguna_vez,,,si,no,ambas,el_no_haberlas_apuntado_en_ningun_sitio
14,2026-09-26T18:27:05,18_30,recordatorios,no,nunca,,,si,no,una_notificacion_discreta,
15,2026-09-26T18:28:44,46_60,los_tres,si,casi_siempre,,,si,no,ambas,las_dos
16,2026-09-26T18:29:01,31_45,recordatorios,no,alguna_vez,,,si,no,una_notificacion_discreta,lo_que_tardan_las_citas
17,2026-09-26T18:29:49,46_60,los_tres,si,alguna_vez,,,si,no,ambas,acordarme_en_si
18,2026-09-26T18:30:40,46_60,medicacion_prescrita,si,alguna_vez,,,si,no,una_notificacion_discreta,la_falta_de_nota
19,2026-09-26T18:33:12,46_60,los_tres,no,alguna_vez,,,si,no,ambas,tiempo
20,2026-09-26T18:33:50,31_45,calendario_citas,no,alguna_vez,el_calendario_o_alarmas_del_movil,,si,si,ambas,me_cuesta_coger_citas_medicas_por_la_app
21,2026-09-26T18:41:09,mas_75,recordatorios,si,alguna_vez,no_tengo,no_tengo,no,no,ambas,gestionar_citas_medicas_casi_imposible
22,2026-09-26T18:49:43,46_60,calendario_citas,si,nunca,,,si,no,una_notificacion_discreta,tener_que_buscar_otra_cita
23,2026-09-26T18:50:08,61_75,calendario_citas,si,nunca,,,si,no,una_alarma_con_sonido,
24,2026-09-26T18:52:52,46_60,los_tres,no,alguna_vez,,,si,no,una_notificacion_discreta,olvido
25,2026-09-26T18:53:24,61_75,los_tres,si,alguna_vez,,,si,no,una_notificacion_discreta,olvido
26,2026-09-26T18:53:52,18_30,recordatorios,no,alguna_vez,,paciencia,si,no,una_notificacion_discreta,hacerle_el_desayuno_a_mis_hijos
27,2026-09-26T18:55:17,46_60,recordatorios,si,alguna_vez,,,si,no,una_alarma_con_sonido,cuando_salgo_de_viaje
28,2026-09-26T18:55:23,18_30,calendario_citas,no,alguna_vez,,,si,no,una_notificacion_discreta,
29,2026-09-26T18:56:10,61_75,los_tres,no,alguna_vez,,,si,no,una_notificacion_discreta,
30,2026-09-26T18:57:15,46_60,medicacion_prescrita,si,a_menudo,,,si,no,una_notificacion_discreta,la_medicacion_que_no_tengo_una_hora_fija
31,2026-09-26T18:57:16,46_60,recordatorios,no,alguna_vez,,poder_concretar_la_posologia,si,no,una_alarma_con_sonido,si_no_los_tengo_a_mano_los_olvido_incluso_con_la_alarma
32,2026-09-26T18:58:47,menos_18,recordatorios,no,casi_siempre,myring,tiene_anuncios_bastantes_y_recuerda_muy_poco,no,si,ambas,la_hora
33,2026-09-26T19:02:04,18_30,los_tres,no,alguna_vez,calendario,,si,si,una_notificacion_discreta,repetirme_en_la_mente_que_me_los_tome
34,2026-09-26T19:04:51,31_45,medicacion_prescrita,no,alguna_vez,,,si,no,una_notificacion_discreta,
35,2026-09-26T19:08:57,61_75,los_tres,no,nunca,,,si,no,una_notificacion_discreta,
36,2026-09-26T19:09:09,46_60,los_tres,no,alguna_vez,,,si,no,ambas,ninguno
37,2026-09-26T19:12:05,18_30,recordatorios,no,a_menudo,,,si,no,una_alarma_con_sonido,siempre_olvido_fechas_y_las_veces_para_tomarme_las_pastillas
38,2026-09-26T19:14:59,46_60,los_tres,si,alguna_vez,,,si,no,una_notificacion_discreta,por_ahora_ninguno
39,2026-09-26T19:18:39,31_45,los_tres,si,a_menudo,,que_me_avisa_cuando_estoy_ocupada_y_luego_se_me_olvida,si,no,ambas,el_problema_es_que_estoy_siempre_muy_ocupada
40,2026-09-26T19:20:18,46_60,calendario_citas,si,alguna_vez,,,si,no,una_alarma_con_sonido,
41,2026-09-26T19:25:32,61_75,los_tres,si,casi_siempre,ninguna,,si,no,ambas,
42,2026-09-26T19:28:33,46_60,los_tres,si,alguna_vez,,,si,no,ambas,para_tomar_medicamentos_la_frecuencia_de_repeticion_de_la_alarma
43,2026-09-26T19:28:50,46_60,los_tres,si,alguna_vez,citas_medicas_apps_sanitas_viamed_quiron,app_recordatorio_posologia_medicacion,si,si,una_alarma_con_sonido,problema_solo_para_recordar_medicacion
44,2026-09-26T19:34:55,18_30,los_tres,si,casi_siempre,,,si,no,ambas,se_me_olvida_tomarmela_o_me_la_dejo_en_casa_cuando_estoy_fuera
45,2026-09-26T19:36:00,61_75,los_tres,si,nunca,,,si,no,una_alarma_con_sonido,hasta_ahora_ninguno
46,2026-09-26T19:40:51,46_60,medicacion_prescrita,si,nunca,,,si,no,una_notificacion_discreta,
47,2026-09-26T19:47:19,46_60,los_tres,si,alguna_vez,,,si,no,ambas,que_se_me_olvida
48,2026-09-26T19:52:50,18_30,los_tres,no,nunca,,,si,no,ambas,
49,2026-09-26T19:52:53,18_30,los_tres,no,alguna_vez,,,si,no,una_notificacion_discreta,
50,2026-09-26T19:56:12,46_60,recordatorios,si,nunca,,,si,no,una_notificacion_discreta,
51,2026-09-26T19:59:05,31_45,los_tres,si,alguna_vez,calendario_google,,si,si,ambas,que_he_tenido_que_incorporar_las_citas
52,2026-09-26T20:02:50,menos_18,calendario_citas,si,alguna_vez,,,si,no,una_alarma_con_sonido,apuntarlo_en_un_papel_y_perder_el_papel
53,2026-09-26T20:06:02,46_60,calendario_citas,si,alguna_vez,,,si,no,ambas,no_tener_algo_que_te_recuerde_que_cuando_y_como_tomar_una_medicacion
54,2026-09-26T20:06:45,31_45,calendario_citas,no,nunca,,,no,no,una_notificacion_discreta,
55,2026-09-26T20:17:52,46_60,los_tres,si,alguna_vez,,,si,no,ambas,
56,2026-09-26T20:25:09,18_30,los_tres,si,nunca,,,si,no,ambas,
57,2026-09-26T21:08:44,46_60,los_tres,si,alguna_vez,,,si,no,una_alarma_con_sonido,
58,2026-09-26T21:09:50,61_75,los_tres,si,a_menudo,ninguna,ninguna,si,no,ambas,memoria_mala
59,2026-09-26T21:13:23,46_60,los_tres,si,nunca,,,si,no,una_notificacion_discreta,
60,2026-09-26T21:54:16,61_75,los_tres,si,alguna_vez,calendario,,si,si,ambas,no_tener_una_alarma_programada_mensualmente
61,2026-09-26T21:56:15,18_30,los_tres,si,alguna_vez,,,si,no,una_notificacion_discreta,
62,2026-09-26T22:07:59,46_60,medicacion_prescrita,si,alguna_vez,,,si,no,ambas,la_mala_memoria
63,2026-09-26T22:13:54,46_60,los_tres,si,nunca,,nada,si,no,ambas,ninguna
64,2026-09-26T22:32:52,46_60,recordatorios,si,nunca,calendario,,si,si,ambas,
65,2026-09-26T23:14:53,18_30,los_tres,si,alguna_vez,,,si,no,una_notificacion_discreta,las_horas_entre_pastilla_y_pastilla
66,2026-09-26T23:22:53,61_75,los_tres,si,alguna_vez,,,si,no,una_alarma_con_sonido,estar_fuera_de_casa_y_no_llevarlas
67,2026-09-26T23:42:09,31_45,recordatorios,si,nunca,familywall,nada,si,si,ambas,que_no_lo_tomo_de_manera_habitual
68,2026-09-27T00:19:47,61_75,los_tres,si,alguna_vez,,,si,no,una_notificacion_discreta,estar_fuera_de_casa
69,2026-09-27T00:41:46,46_60,los_tres,si,nunca,,,si,no,una_notificacion_discreta,las_apps_medicas
70,2026-09-27T00:44:24,18_30,calendario_citas,si,alguna_vez,,,si,no,una_notificacion_discreta,los_largos_tiempos_entre_que_cojo_la_cita_y_que_voy
71,2026-09-27T01:32:22,18_30,los_tres,si,nunca,,,si,no,una_notificacion_discreta,
72,2026-09-27T01:41:08,18_30,los_tres,si,alguna_vez,,,si,no,una_alarma_con_sonido,recordar_horarios_de_los_medicamentos
73,2026-09-27T02:30:46,18_30,los_tres,si,nunca,,,si,no,una_notificacion_discreta,horarios_de_consumo_de_medicamentos
